{"main":"sapi-ecommerce-order-suppliergateway.raml","name":"sapi-ecommerce-order-suppliergateway","classifier":"raml","tags":[],"dependencies":[{"groupId":"36c127b4-3207-4241-8504-1d13a13c76d4","assetId":"rt-collection-resource-responseraml","version":"1.0.0"},{"groupId":"36c127b4-3207-4241-8504-1d13a13c76d4","assetId":"tr-global-message-definition","version":"1.0.1"},{"groupId":"36c127b4-3207-4241-8504-1d13a13c76d4","assetId":"tr-global-header-definition","version":"1.0.3"},{"groupId":"36c127b4-3207-4241-8504-1d13a13c76d4","assetId":"security-scheme","version":"1.0.0"}],"groupId":"36c127b4-3207-4241-8504-1d13a13c76d4","organizationId":"36c127b4-3207-4241-8504-1d13a13c76d4","assetId":"sapi-ecommerce-order-suppliergateway","version":"1.0.0","apiVersion":"v1","originalFormatVersion":"1.0"}