<?xml version="1.0" encoding="UTF-8"?>

<mule xmlns:module-logger="http://www.mulesoft.org/schema/mule/module-logger"
	xmlns:http="http://www.mulesoft.org/schema/mule/http"
	xmlns:db="http://www.mulesoft.org/schema/mule/db" xmlns:json-logger="http://www.mulesoft.org/schema/mule/json-logger"
	xmlns:ee="http://www.mulesoft.org/schema/mule/ee/core"
	xmlns:dw="http://www.mulesoft.org/schema/mule/ee/dw" xmlns="http://www.mulesoft.org/schema/mule/core" xmlns:doc="http://www.mulesoft.org/schema/mule/documentation" xmlns:xsi="http://www.w3.org/2001/XMLSchema-instance" xsi:schemaLocation="
http://www.mulesoft.org/schema/mule/http http://www.mulesoft.org/schema/mule/http/current/mule-http.xsd 
http://www.mulesoft.org/schema/mule/ee/dw http://www.mulesoft.org/schema/mule/ee/dw/current/dw.xsd http://www.mulesoft.org/schema/mule/core http://www.mulesoft.org/schema/mule/core/current/mule.xsd
http://www.mulesoft.org/schema/mule/ee/core http://www.mulesoft.org/schema/mule/ee/core/current/mule-ee.xsd
http://www.mulesoft.org/schema/mule/json-logger http://www.mulesoft.org/schema/mule/json-logger/current/mule-json-logger.xsd
http://www.mulesoft.org/schema/mule/db http://www.mulesoft.org/schema/mule/db/current/mule-db.xsd
http://www.mulesoft.org/schema/mule/module-logger http://www.mulesoft.org/schema/mule/module-logger/current/mule-module-logger.xsd">
	<error-handler name="globalError_Handler" doc:id="f9cc1247-e9db-4763-98ab-d38222dee0e8">

		<!-- APIKit router related exceptions -->
		<on-error-continue type="APIKIT:BAD_REQUEST" enableNotifications="true" logException="true" doc:name="On Error Continue" doc:id="5b4f9108-cd7a-45cb-aba2-02ac682470e9" >
			<set-variable value="#[400]" doc:name="Set the HTTP Status - 400" doc:id="fcbccac6-db4e-4c38-bad1-e908fd2238a8" variableName="httpStatus"/>
      <flow-ref doc:name="apikit-error-response-sub-flow" doc:id="3fceec5f-1367-41e6-b35e-a9450c4d1813" name="apikit-error-response-sub-flow"/>
		</on-error-continue>
		<on-error-continue type="APIKIT:METHOD_NOT_ALLOWED" enableNotifications="true" logException="true" doc:name="On Error Continue" doc:id="798600ee-8b16-4ca3-935e-35045664966e" >
			<set-variable value="#[405]" doc:name="Set the HTTP Status - 405" doc:id="f02390de-dec2-44d2-826b-95f0eb9dec74" variableName="httpStatus" />
      <flow-ref doc:name="apikit-error-response-sub-flow" doc:id="2cd9f5bf-9180-4a8b-aa13-df1dfbc5f4d4" name="apikit-error-response-sub-flow"/>
		</on-error-continue>
		<on-error-continue type="APIKIT:NOT_ACCEPTABLE" enableNotifications="true" logException="true" doc:name="On Error Continue" doc:id="05cbbeb7-701f-4d23-b778-4fdaf87b22f6" >
			<set-variable value="#[406]" doc:name="Set the HTTP Status - 406" doc:id="b079220d-bd44-435d-a8ec-fe719ac4f2cc" variableName="httpStatus" />
      <flow-ref doc:name="apikit-error-response-sub-flow" doc:id="c8d17bf9-c9d9-413a-bcce-ca07de36d090" name="apikit-error-response-sub-flow"/>
		</on-error-continue>
		<on-error-continue type="APIKIT:NOT_FOUND" enableNotifications="true" logException="true" doc:name="On Error Continue" doc:id="0394161c-ca65-4af8-9902-0a6bf734d12b" >
			<set-variable value="#[404]" doc:name="Set the HTTP Status - 404" doc:id="d192ca6d-705a-4462-87e0-420f8c9ba695" variableName="httpStatus" />
      <flow-ref doc:name="apikit-error-response-sub-flow" doc:id="61223806-1eaa-4ed2-bde3-a4efcef20d8d" name="apikit-error-response-sub-flow"/>
		</on-error-continue>
		<on-error-continue type="APIKIT:UNSUPPORTED_MEDIA_TYPE" enableNotifications="true" logException="true" doc:name="On Error Continue" doc:id="92c9c4ea-f213-4bc4-9cb9-d72ca7a929e3" >
			<set-variable value="#[415]" doc:name="Set the HTTP Status - 415" doc:id="b866e2f5-99e7-4aa4-954e-bb3ffee5c8b1" variableName="httpStatus" />
      <flow-ref doc:name="apikit-error-response-sub-flow" doc:id="e967e77d-aa70-4cf8-8592-4e2ca0c99621" name="apikit-error-response-sub-flow"/>
		</on-error-continue>	
		
		<!-- DB Related issues -->
		
		<!-- HTTP Requster Related error handling -->	
		<on-error-continue type="HTTP:BAD_REQUEST" enableNotifications="true" logException="true" doc:name="On Error Continue" doc:id="f79d8ea7-b996-4712-9e10-b3883165eca5" >
			<set-variable value="#[400]" doc:name="Set the HTTP Status - 400" doc:id="23bb3b42-e0fc-41ec-8d8d-f102015d7795" variableName="httpStatus" />
      <flow-ref doc:name="technical-error-response-sub-flow" doc:id="fb34ac4b-b543-4a77-8bc4-893fbd3edbe2" name="technical-error-response-sub-flow"/>
		</on-error-continue>
		<on-error-continue type="HTTP:CLIENT_SECURITY" enableNotifications="true" logException="true" doc:name="On Error Continue" doc:id="29eda139-2ba2-48d5-b5af-1983b7358cd3" >
			<set-variable value="#[401]" doc:name="Set the HTTP Status - 401" doc:id="1bcb6ec3-045e-443c-a3f6-f3653e260142" variableName="httpStatus" />
      <flow-ref doc:name="technical-error-response-sub-flow" doc:id="5c85a52b-1d52-44e6-9336-cffb5d9dd4ec" name="technical-error-response-sub-flow"/>
		</on-error-continue>
		<on-error-continue type="HTTP:CONNECTIVITY" enableNotifications="true" logException="true" doc:name="On Error Continue" doc:id="7f9c8ab0-8056-467e-bb61-829fca9788a4" >
			<set-variable value="#[503]" doc:name="Set the HTTP Status - 503" doc:id="d668ae88-8c4a-435c-8de4-a9e6d45837e9" variableName="httpStatus" />
      <flow-ref doc:name="technical-error-response-sub-flow" doc:id="7ba56299-aad0-4f74-b5de-63cbe436f42d" name="technical-error-response-sub-flow"/>
		</on-error-continue>
		<on-error-continue type="HTTP:FORBIDDEN" enableNotifications="true" logException="true" doc:name="On Error Continue" doc:id="4ec300fa-af82-4ddd-bfdd-408c89ac1bea" >
			<set-variable value="#[403]" doc:name="Set the HTTP Status - 403" doc:id="7d5b14be-d602-476a-a5cf-4212b16789ac" variableName="httpStatus" />
      <flow-ref doc:name="technical-error-response-sub-flow" doc:id="7fc04f80-d040-436e-9e79-a56975e32ae7" name="technical-error-response-sub-flow"/>
		</on-error-continue>
		<on-error-continue type="HTTP:INTERNAL_SERVER_ERROR" enableNotifications="true" logException="true" doc:name="On Error Continue" doc:id="0c8df545-1aff-4085-8ac1-f1598f08ef2a" >
			<set-variable value="#[500]" doc:name="Set the HTTP Status - 500" doc:id="f22153b5-bf80-4fa1-bfdc-bd17b1872358" variableName="httpStatus" />
      <flow-ref doc:name="technical-error-response-sub-flow" doc:id="30f45147-ed32-4a27-8c55-1d52fd1bedae" name="technical-error-response-sub-flow"/>
		</on-error-continue>
		<on-error-continue type="HTTP:METHOD_NOT_ALLOWED" enableNotifications="true" logException="true" doc:name="On Error Continue" doc:id="76e8dfad-85a9-4aad-9cfd-5291f4bf377b" >
			<set-variable value="#[405]" doc:name="Set the HTTP Status - 405" doc:id="27d9849e-d7de-43dc-9ce9-1b07a408618f" variableName="httpStatus" />
      <flow-ref doc:name="technical-error-response-sub-flow" doc:id="c6c8c3cc-68fa-4c64-b33f-615215ae6fd5" name="technical-error-response-sub-flow"/>
		</on-error-continue>
		<on-error-continue type="HTTP:NOT_ACCEPTABLE" enableNotifications="true" logException="true" doc:name="On Error Continue" doc:id="ea2c5c4b-06a8-4b7e-b85c-94d0decb38a6" >
			<set-variable value="#[406]" doc:name="Set the HTTP Status - 406" doc:id="a8a2540b-90d6-4c13-90b0-828e9838abde" variableName="httpStatus" />
      <flow-ref doc:name="technical-error-response-sub-flow" doc:id="f7255283-049d-4499-9612-daf836233294" name="technical-error-response-sub-flow"/>
		</on-error-continue>
		<on-error-continue type="HTTP:NOT_FOUND" enableNotifications="true" logException="true" doc:name="On Error Continue" doc:id="9a35d0df-ebd4-4217-9ffa-c20dbd82cc25" >
			<set-variable value="#[404]" doc:name="Set the HTTP Status - 404" doc:id="3ff6477b-bdc4-4a5f-9d8d-8657213108e3" variableName="httpStatus" />
      <flow-ref doc:name="technical-error-response-sub-flow" doc:id="33601346-6acc-4685-9dcc-c403c3dff384" name="technical-error-response-sub-flow"/>
		</on-error-continue>
		<on-error-continue type="HTTP:PARSING" enableNotifications="true" logException="true" doc:name="On Error Continue" doc:id="07cde8fb-702b-4dc7-b749-58e9ecefec1c" >
			<set-variable value="#[400]" doc:name="Set the HTTP Status - 400" doc:id="b5bb1834-145a-44a2-b5b9-09069b919202" variableName="httpStatus" />
      <flow-ref doc:name="technical-error-response-sub-flow" doc:id="6944d86b-ec58-430d-9667-5035d02bcbe8" name="technical-error-response-sub-flow"/>
		</on-error-continue>
		<on-error-continue type="HTTP:RETRY_EXHAUSTED" enableNotifications="true" logException="true" doc:name="On Error Continue" doc:id="c0a41d51-97c5-4b77-ae58-aba7d0d0e8be" >
			<set-variable value="#[503]" doc:name="Set the HTTP Status - 503" doc:id="280ea33a-a394-4562-8dd9-1eb686444109" variableName="httpStatus" />
      <flow-ref doc:name="technical-error-response-sub-flow" doc:id="14619b07-b7b6-4060-9512-2269afe394d1" name="technical-error-response-sub-flow"/>
		</on-error-continue>
		<on-error-continue type="HTTP:SECURITY" enableNotifications="true" logException="true" doc:name="On Error Continue" doc:id="ce2ca1a0-c51f-427b-be1b-6b212bb8c462" >
			<set-variable value="#[401]" doc:name="Set the HTTP Status - 401" doc:id="5ed394c4-e99e-4f4f-b564-f2fdfaaec8fe" variableName="httpStatus" />
      			<flow-ref doc:name="technical-error-response-sub-flow" doc:id="1d419be9-399e-4f6b-8901-dbaa03abaa7f" name="technical-error-response-sub-flow"/>
		</on-error-continue>
		<on-error-continue type="HTTP:TIMEOUT" enableNotifications="true" logException="true" doc:name="On Error Continue" doc:id="394f4896-fcf5-44b8-bfbe-45633a177f43" >
			<set-variable value="#[504]" doc:name="Set the HTTP Status - 504" doc:id="186aee0c-67b2-4aae-8cd1-d6490d13c9b2" variableName="httpStatus" />
      			<flow-ref doc:name="technical-error-response-sub-flow" doc:id="f47cf159-23e7-413c-b3fb-b7d6bf9e5424" name="technical-error-response-sub-flow"/>
		</on-error-continue>
		<on-error-continue type="HTTP:TOO_MANY_REQUESTS" enableNotifications="true" logException="true" doc:name="On Error Continue" doc:id="5d2efb31-ae28-4fbe-96f1-83cea33dafc4" >
			<set-variable value="#[429]" doc:name="Set the HTTP Status - 429" doc:id="1844084a-5950-48b0-ac00-9e30e6cc22e5" variableName="httpStatus" />
      			<flow-ref doc:name="technical-error-response-sub-flow" doc:id="055f2bd3-51da-4fa0-b69e-143e663e71a0" name="technical-error-response-sub-flow"/>
		</on-error-continue>
		<on-error-continue type="HTTP:UNAUTHORIZED" enableNotifications="true" logException="true" doc:name="On Error Continue" doc:id="4e5e7215-2789-4a9b-a722-bb03682ed40b" >
			<set-variable value="#[403]" doc:name="Set the HTTP Status - 403" doc:id="6388d5d7-c0a0-42e6-b737-6e600748c644" variableName="httpStatus" />
      			<flow-ref doc:name="technical-error-response-sub-flow" doc:id="c035e5d7-026f-49bb-899c-08efe373443e" name="technical-error-response-sub-flow"/>
		</on-error-continue>
		<on-error-continue type="HTTP:UNSUPPORTED_MEDIA_TYPE" enableNotifications="true" logException="true" doc:name="On Error Continue" doc:id="0b728c6e-7713-41c8-8e5c-1d2e83f66cf1" >
			<set-variable value="#[415]" doc:name="Set the HTTP Status - 415" doc:id="2e2ed8ec-2138-40d4-a840-500ea30091d7" variableName="httpStatus" />
      			<flow-ref doc:name="technical-error-response-sub-flow" doc:id="89deb2dd-89ba-4906-8910-877b3f24fde2" name="technical-error-response-sub-flow"/>
		</on-error-continue>
		
		<!-- Streaming related exception -->
		<on-error-continue type="STREAM_MAXIMUM_SIZE_EXCEEDED" enableNotifications="true" logException="true" doc:name="On Error Continue" doc:id="acbfc1f6-bb8a-4dd2-a169-7db0d2f60204" >
			<set-variable value="#[500]" doc:name="Set the HTTP Status - 500" doc:id="54bdaa2a-8145-45e1-8521-4c00f05a4b8f" variableName="httpStatus" />
      			<flow-ref doc:name="technical-error-response-sub-flow" doc:id="4ca239ef-757b-4625-ba4f-810df56ead96" name="technical-error-response-sub-flow"/>
		</on-error-continue>
		
		<!-- Generic CONNECTIVITY Related Exception handling start. Order matters -->
		<on-error-continue type="RETRY_EXHAUSTED" enableNotifications="true" logException="true" doc:name="On Error Continue" doc:id="cf82aa26-dc44-48d8-853c-77e9ecfe0594" >
			<set-variable value="#[503]" doc:name="Set the HTTP Status - 503" doc:id="d5350640-57d9-49f5-85e5-0dd8ce3b97c2" variableName="httpStatus" />
      			<flow-ref doc:name="technical-error-response-sub-flow" doc:id="bd19a80e-593f-468e-894b-c2750103e9b3" name="technical-error-response-sub-flow"/>
		</on-error-continue>
		<on-error-continue type="REDELIVERY_EXHAUSTED" enableNotifications="true" logException="true" doc:name="On Error Continue" doc:id="934610b2-0423-491d-b204-226e4acb5b78" >
			<set-variable value="#[503]" doc:name="Set the HTTP Status - 503" doc:id="e8fb0bd5-c3fa-4493-a7e2-f723be544ce4" variableName="httpStatus" />
      			<flow-ref doc:name="technical-error-response-sub-flow" doc:id="93bc9c70-582e-4163-9d23-2c536e93fa7e" name="technical-error-response-sub-flow"/>
		</on-error-continue>
		<on-error-continue type="CONNECTIVITY" enableNotifications="true" logException="true" doc:name="On Error Continue" doc:id="03de4e30-c3c8-4ed2-8fc4-359cf9177ac7" >
			<set-variable value="#[503]" doc:name="Set the HTTP Status - 503" doc:id="5af73b5a-433a-4d5e-a152-2838a1531cca" variableName="httpStatus" />
      			<flow-ref doc:name="technical-error-response-sub-flow" doc:id="349ddfca-5efe-41cd-bc78-55875545ce1b" name="technical-error-response-sub-flow"/>
		</on-error-continue>
		<on-error-continue type="TIMEOUT" enableNotifications="true" logException="true" doc:name="On Error Continue" doc:id="cdbdfe29-240f-4c7a-b218-7f5f3361d32b" >
			<set-variable value="#[504]" doc:name="Set the HTTP Status - 504" doc:id="38c9a168-c880-4002-854e-7f8ef8c02c91" variableName="httpStatus" />
      			<flow-ref doc:name="technical-error-response-sub-flow" doc:id="60c25edf-bf30-49b9-98dc-9a382ac501bf" name="technical-error-response-sub-flow"/>
		</on-error-continue>
		<!-- Generic CONNECTIVITY Exception handling end -->
		
		<on-error-continue type="TRANSFORMATION" enableNotifications="true" logException="true" doc:name="On Error Continue" doc:id="925e0154-6889-4cdd-9051-b128cb189836" >
			<set-variable value="#[400]" doc:name="Set the HTTP Status - 400" doc:id="f7ddd9e8-3a1c-4a5b-8deb-82390f180e79" variableName="httpStatus" />
      			<flow-ref doc:name="technical-error-response-sub-flow" doc:id="c64e7249-9f48-4fa2-8dac-151204ded865" name="technical-error-response-sub-flow"/>
		</on-error-continue>
		
		<on-error-continue type="EXPRESSION" enableNotifications="true" logException="true" doc:name="On Error Continue" doc:id="fe42ecf3-4752-4f67-9194-03b91512271e" >
			<set-variable value="#[500]" doc:name="Set the HTTP Status - 500" doc:id="4503b484-2d45-40c1-a728-0d94aebbb731" variableName="httpStatus" />
			<flow-ref doc:name="technical-error-response-sub-flow" doc:id="0f1bd88a-da3a-406c-880e-d910af3f868c" name="technical-error-response-sub-flow"/>
		</on-error-continue>	
		<on-error-continue type="ROUTING" enableNotifications="true" logException="true" doc:name="On Error Continue" doc:id="cbe8df21-3a65-4930-a33d-a8c4f939d56a" >
			<set-variable value="#[500]" doc:name="Set the HTTP Status - 500" doc:id="de963cb5-d355-4a10-882f-5c9eb2da8bd8" variableName="httpStatus" />
      			<flow-ref doc:name="technical-error-response-sub-flow" doc:id="b0bbd4a4-3f4a-42b8-b011-ab14eb1fccf5" name="technical-error-response-sub-flow"/>
		</on-error-continue>
		<on-error-continue type="SECURITY" enableNotifications="true" logException="true" doc:name="On Error Continue" doc:id="51b68cba-b183-47ad-9094-b91efc76573b" >
			<set-variable value="#[401]" doc:name="Set the HTTP Status - 401" doc:id="cf8c04b7-ccdb-4232-82ce-cf587d4fefb6" variableName="httpStatus" />
      			<flow-ref doc:name="technical-error-response-sub-flow" doc:id="4798a786-4d47-4b94-bfea-ffd78a72b5dd" name="technical-error-response-sub-flow"/>
		</on-error-continue>
		
		<on-error-continue type="SUPPLIER:BUSINESS" enableNotifications="true" logException="true" doc:name="On Error Continue" doc:id="724b5a37-2d78-4e3b-8a14-5e73ba539458" >
			<set-variable value="#[payload.payload[0].errors[0].errorCode[3 to 5] as Number default 500]" doc:name="Set the HTTP Status - 503" doc:id="dca7b7ba-80a6-4cba-adda-30e4c918ccfa" variableName="httpStatus" />
      			<flow-ref doc:name="business-error-response-sub-flow" doc:id="06c370c9-0ebb-4065-8551-e7701b0a488e" name="business-error-response-sub-flow"/>
		</on-error-continue>
		
		<!-- If none of the above matches then handle a the exception using generic handler -->
		<on-error-continue type="ANY" enableNotifications="true" logException="true" doc:name="On Error Continue" doc:id="d6d34d61-f828-4660-ae5e-013f9812553e">
			<set-variable value="#[500]" doc:name="Set HTTP Status - 500" variableName="httpStatus"/>
			<flow-ref doc:name="technical-error-response-sub-flow" doc:id="14310ba0-40bf-419b-bb67-7172928dd13b" name="technical-error-response-sub-flow"/>
		</on-error-continue>
		
	</error-handler>
	<sub-flow name="technical-error-response-sub-flow" doc:id="8f935df0-abef-4cc2-8346-6223c46e767d">
		<ee:transform doc:name="technical-error-payload" doc:id="f4f87d8f-1310-4bbd-ab24-8e2a6a2aaae0">
			<ee:message>
				<ee:set-payload resource="dwl/technicalErrorResponsePayload.dwl" />		
</ee:message>
			<ee:variables >
				<ee:set-variable variableName="flowName" ><![CDATA["technical-error-response-sub-flow"]]></ee:set-variable>
			</ee:variables>
		
</ee:transform>
		<set-variable value="#[payload]" doc:name="set-exception-variable" doc:id="c4968ffe-eff3-4c3e-b517-48adcd5db3d8" variableName="exception" />
		<module-logger:log doc:name="Log-error" doc:id="5c36a053-7896-4edc-ba95-17bfe8f64e79" config-ref="M_logger_Config" flowName="#[vars.flowName]" sourceName="#[vars.loggerAttributes.sourceName]" Status="ERROR" integrationName="#[vars.loggerAttributes.integrationName]" targetName="#[vars.loggerAttributes.targetName]" level="ERROR" executionPoint="EXCEPTION" Exception="#[vars.exception]" correlationId="#[vars.correlationId]" integrationId="#[vars.loggerAttributes.integrationId]" requestId="#[vars.loggerAttributes.requestId]" message="technical error occured" />
		<set-variable value='#["x-correlation-id": vars.correlationID]' doc:name="set-response-header" doc:id="4834b3f9-2e1c-44eb-b7d9-506d45bea479" variableName="outboundHeaders" />
		<choice doc:name="Choice" doc:id="1f97971a-f5e9-43e4-a903-3c66d01aa317" >
			<when expression='#[((error.errors[0].suppressedErrors[0].errorType .asString contains ("HTTP:CONNECTIVITY")) or (error.errors[0].suppressedErrors[0].errorType .asString contains ("HTTP:TIMEOUT")) or (error.errors[0].suppressedErrors[0].errorType .asString contains ("GATEWAY_TIMEOUT")) or (error.errors[0].suppressedErrors[0].errorType .asString contains ("HTTP:GATEWAY_TIMEOUT")))]'>
				<async doc:name="Async" doc:id="fcab8bbd-1d0b-4a75-a3ce-92504303b9c9">
			<ee:transform doc:name="prepare-email-body" doc:id="0951373b-1b2c-4a9d-a554-130b0aae4547">
				<ee:message />
				<ee:variables>
					<ee:set-variable resource="dwl/email-body.dwl" variableName="emailBody" />
				</ee:variables>
			</ee:transform>
			<ee:transform doc:name="Email-template" doc:id="258c70c0-a7c2-4677-a1ab-d7139ec4d4f8">
				<ee:message>
					<ee:set-payload resource="dwl/sapi-email-reqeuest.dwl" />
				</ee:message>
			</ee:transform>
			<http:request method="POST" doc:name="Request" doc:id="5b313a1a-5f71-409d-8ce5-09ca320f80ef" config-ref="sapi-email-api-https-requester" path="#[p('sapi-email-api.path')]">
				<http:headers><![CDATA[#[{
	Prefer: "respond-async",
	"x-correlation-id": vars.correlationId,
	"X-Source-System": "papi-ecommerce-order-postsales"
}]]]></http:headers>
			</http:request>
		</async>
			</when>
		</choice>
		<module-logger:log doc:name="Log-call-exit" doc:id="7448b26c-6b56-4c13-b87b-0000951c151f" config-ref="M_logger_Config" flowName="#[vars.flowName]" sourceName="#[vars.loggerAttributes.sourceName]" Status="Success" integrationName="#[vars.loggerAttributes.integrationName]" targetName="#[vars.loggerAttributes.targetName]" executionPoint="END" Exception="#[vars.exception]" correlationId="#[vars.correlationId]" integrationId="#[vars.loggerAttributes.integrationId]" requestId="#[vars.loggerAttributes.requestId]" message="technical error occured" sendingLogtoMQ="true"/>
    </sub-flow>
	<sub-flow name="apikit-error-response-sub-flow" doc:id="ea95afde-629d-41cb-b3d2-cbee3f13051b" >
		<ee:transform doc:name="apikit-error-payload" doc:id="87178220-5f83-4630-b7db-e579af4ae590" >
			<ee:message >
				<ee:set-payload resource="dwl/apikitErrorResponse.dwl" />
			</ee:message>
			<ee:variables >
				<ee:set-variable variableName="flowName" ><![CDATA["apikit-error-response-sub-flow"]]></ee:set-variable>
			</ee:variables>
		</ee:transform>
		<set-variable value="#[payload]" doc:name="set-exception-variable" doc:id="2a79d43a-67e0-495a-8821-cfca359386b6" variableName="exception" />
		<module-logger:log doc:name="Log-error" doc:id="fd3d4ee7-c6d3-4d01-9910-4c05a8044e00" config-ref="M_logger_Config" flowName="#[vars.flowName]" sourceName="#[vars.loggerAttributes.sourceName]" Status="ERROR" integrationName="#[vars.loggerAttributes.integrationName]" targetName="#[vars.loggerAttributes.targetName]" level="ERROR" executionPoint="EXCEPTION" Exception="#[vars.exception]" correlationId="#[vars.correlationId]" integrationId="#[vars.loggerAttributes.integrationId]" requestId="#[vars.loggerAttributes.requestId]" message="apikit error occured" />
		<set-variable value='#["x-correlation-id": vars.correlationID]' doc:name="set-response-header" doc:id="3ca2c9c6-b542-4c5e-b2cb-8cadb3d57741" variableName="outboundHeaders"/>
		<module-logger:log doc:name="Log-call-exit" doc:id="340c681b-4364-4b18-b0db-8540d6103531" config-ref="M_logger_Config" flowName="#[vars.flowName]" sourceName="#[vars.loggerAttributes.sourceName]" Status="Success" integrationName="#[vars.loggerAttributes.integrationName]" targetName="#[vars.loggerAttributes.targetName]" executionPoint="END" Exception="#[vars.exception]" correlationId="#[vars.correlationId]" integrationId="#[vars.loggerAttributes.integrationId]" requestId="#[vars.loggerAttributes.requestId]" message="apikit error occured" sendingLogtoMQ="true"/>
	</sub-flow>
	<sub-flow name="business-error-response-sub-flow" doc:id="3091d94c-7c57-4211-8bc5-392af4d23062" >
		<ee:transform doc:name="business-error-payload" doc:id="09e77156-4cc8-412f-bc86-11ec4d29e88a" >
			<ee:message >
				<ee:set-payload ><![CDATA[output application/json
---
{
	errors: payload.payload[0].errors
}
]]></ee:set-payload>
			</ee:message>
			<ee:variables >
				<ee:set-variable variableName="outboundHeaders" ><![CDATA[%dw 2.0
output application/java
---
vars.outboundHeaders ++{"x-correlation-id":vars.correlationId}]]></ee:set-variable>
				<ee:set-variable variableName="flowName" ><![CDATA["business-error-response-sub-flow"]]></ee:set-variable>
			</ee:variables>
		</ee:transform>
		<module-logger:log doc:name="Log-error" doc:id="f5fc7fa5-1e34-4d21-b4b9-47e7c146dae1" config-ref="M_logger_Config" flowName="#[vars.flowName]" sourceName="#[vars.loggerAttributes.sourceName]" Status="ERROR" integrationName="#[vars.loggerAttributes.integrationName]" targetName="#[vars.loggerAttributes.targetName]" level="ERROR" executionPoint="EXCEPTION" Exception="#[vars.exception]" correlationId="#[vars.correlationId]" integrationId="#[vars.loggerAttributes.integrationId]" requestId="#[vars.loggerAttributes.requestId]" message="business error occured" />
		<set-variable value="#[payload]" doc:name="set-exception-variable" doc:id="b8179436-16c2-42ca-bb1e-b7a278fb5241" variableName="exception" />
		<module-logger:log doc:name="Log-call-exit" doc:id="d3dd24f1-f3e2-4c30-a26e-0e09e1e17714" config-ref="M_logger_Config" flowName="#[vars.flowName]" sourceName="#[vars.loggerAttributes.sourceName]" Status="Success" integrationName="#[vars.loggerAttributes.integrationName]" targetName="#[vars.loggerAttributes.targetName]" executionPoint="END" Exception="#[vars.exception]" correlationId="#[vars.correlationId]" integrationId="#[vars.loggerAttributes.integrationId]" requestId="#[vars.loggerAttributes.requestId]" message="business error occured" sendingLogtoMQ="true"/>
	</sub-flow>
	</mule>
