<?xml version="1.0" encoding="UTF-8"?>

<mule xmlns:secure-properties="http://www.mulesoft.org/schema/mule/secure-properties" xmlns:os="http://www.mulesoft.org/schema/mule/os"
	xmlns:api-gateway="http://www.mulesoft.org/schema/mule/api-gateway"
	
	xmlns:tls="http://www.mulesoft.org/schema/mule/tls" xmlns:http="http://www.mulesoft.org/schema/mule/http" xmlns:module-logger="http://www.mulesoft.org/schema/mule/module-logger" xmlns="http://www.mulesoft.org/schema/mule/core" xmlns:doc="http://www.mulesoft.org/schema/mule/documentation" xmlns:xsi="http://www.w3.org/2001/XMLSchema-instance" xsi:schemaLocation="http://www.mulesoft.org/schema/mule/core http://www.mulesoft.org/schema/mule/core/current/mule.xsd
http://www.mulesoft.org/schema/mule/module-logger http://www.mulesoft.org/schema/mule/module-logger/current/mule-module-logger.xsd
http://www.mulesoft.org/schema/mule/http http://www.mulesoft.org/schema/mule/http/current/mule-http.xsd
http://www.mulesoft.org/schema/mule/tls http://www.mulesoft.org/schema/mule/tls/current/mule-tls.xsd
http://www.mulesoft.org/schema/mule/api-gateway http://www.mulesoft.org/schema/mule/api-gateway/current/mule-api-gateway.xsd
http://www.mulesoft.org/schema/mule/os http://www.mulesoft.org/schema/mule/os/current/mule-os.xsd
http://www.mulesoft.org/schema/mule/secure-properties http://www.mulesoft.org/schema/mule/secure-properties/current/mule-secure-properties.xsd
http://www.mulesoft.org/schema/mule/module-logger http://www.mulesoft.org/schema/mule/module-logger/current/mule-module-logger.xsd">
	
	
	<import doc:name="Import" doc:id="99029018-11a4-496d-9d52-e4f933f8a242" file="newrelic-log-dispatcher.xml" />
	<module-logger:config name="M_logger_Config" doc:name="M-logger Config" doc:id="d4ff3138-50d4-47cb-a8ed-195d05f1cc52" appVersion="${logger.application.version}" anypointmq.clientId="${logger.amq.client.id}" anypointmq.clientSecret="${secure::logger.amq.client.secret}" destination="${logger.application.queue}"/>
	<http:request-config name="sapi-email-api-https-requester" doc:name="HTTP Request configuration" doc:id="b1bbad3b-9b14-4b13-8876-a6f914f42705" >
		<http:request-connection host="#[p('sapi-email-api.host')]" port="#[p('sapi-email-api.port')]" protocol="HTTPS">
			<reconnection >
				<reconnect frequency="${sapi-email-api.requester.reconnectionFrequency}" count="${sapi-email-api.requester.reconnectionAttempts}" />
			</reconnection>
			<tls:context >
				<tls:trust-store insecure="true" />
			</tls:context>
			<http:authentication >
				<http:basic-authentication username="#[p('sapi-email-api.clientId')]" password="${secure::sapi-email-api.clientSecret}" />
			</http:authentication>
		</http:request-connection>
	</http:request-config>
	<http:request-config name="supplier-jwt_configuration" doc:name="HTTP Request configuration" doc:id="a0930a39-a52f-47b4-a6b6-2addc1113a73" responseTimeout="${http.requester.timeout}">
		<http:request-connection host="${supplier.http-requester.jwt.host}" port="${supplier.http-requester.jwt.port}" protocol="HTTPS"/>
	</http:request-config>
	<configuration-properties doc:name="Configuration properties" doc:id="ed02b796-9080-4173-901c-c18b1f6b134b" file="properties\common.properties" />
	<configuration-properties doc:name="Configuration properties" doc:id="7d077859-941d-44d2-bfb1-04009a397b63" file="properties\config-${mule.env}.properties" />
	<configuration doc:name="Configuration" doc:id="57fd53cf-fb15-43bb-a98f-28075865d17c" defaultErrorHandler-ref="globalError_Handler" />
	<api-gateway:autodiscovery apiId="${api.id}" ignoreBasePath="true" doc:name="API Autodiscovery" doc:id="01571b0f-5013-4750-a207-25a18fa1e140" flowRef="sapi-ecommerce-order-supplier-gateway-main" />
	<os:config name="ObjectStore_Config" doc:name="ObjectStore Config" doc:id="0a7c931c-2c5a-407d-9930-e1e7660ed7b7" />
	<os:object-store name="Object_store_main_api" doc:name="Object store" doc:id="cc14aaf5-2f7d-443b-8253-e3e2e558264b" entryTtl="${objectstore.entryTTL}" entryTtlUnit="HOURS" expirationInterval="${objectstore.expirationInterval}" expirationIntervalUnit="HOURS" config-ref="ObjectStore_Config" />
	<secure-properties:config name="Secure_Properties_Config" doc:name="Secure Properties Config" doc:id="73c44cf4-6020-4aaf-b752-142c7e25a6b0" file="properties/config-${mule.env}.properties" key="${secure.key}" >
		<secure-properties:encrypt algorithm="Blowfish" />
	</secure-properties:config>

	
</mule>
