<?xml version="1.0" encoding="UTF-8"?>

<mule xmlns:os="http://www.mulesoft.org/schema/mule/os"
	xmlns:tls="http://www.mulesoft.org/schema/mule/tls"
	xmlns:http="http://www.mulesoft.org/schema/mule/http"
	xmlns:module-logger="http://www.mulesoft.org/schema/mule/module-logger"
	xmlns:ee="http://www.mulesoft.org/schema/mule/ee/core"
	xmlns="http://www.mulesoft.org/schema/mule/core"
	xmlns:doc="http://www.mulesoft.org/schema/mule/documentation"
	xmlns:xsi="http://www.w3.org/2001/XMLSchema-instance"
	xsi:schemaLocation="http://www.mulesoft..org/schema/mule/core http://www.mulesoft.org/schema/mule/core/current/mule.xsd
http://www.mulesoft.org/schema/mule/ee/core http://www.mulesoft.org/schema/mule/ee/core/current/mule-ee.xsd
http://www.mulesoft.org/schema/mule/module-logger http://www.mulesoft.org/schema/mule/module-logger/current/mule-module-logger.xsd
http://www.mulesoft.org/schema/mule/http http://www.mulesoft.org/schema/mule/http/current/mule-http.xsd
http://www.mulesoft.org/schema/mule/tls http://www.mulesoft.org/schema/mule/tls/current/mule-tls.xsd
http://www.mulesoft.org/schema/mule/os http://www.mulesoft.org/schema/mule/os/current/mule-os.xsd">
	<http:request-config name="HTTP_Request_Supplier_System" doc:name="HTTP Request configuration" doc:id="d5a30956-a4cc-4464-be97-ac8c35301cda" responseTimeout="${http.requester.timeout}">
		<http:request-connection protocol="HTTPS" host="#[vars.supplierRequestHost]" port="#[vars.supplierRequestPort]" connectionIdleTimeout="${http.requester.timeout}" >
			<reconnection >
				<reconnect frequency="${supplier.http-requestor.reconnectionFrequency}" count="${supplier.http-requestor.reconnectionAttempts}" />
			</reconnection>
			<tls:context >
				<tls:trust-store path="${supplier.http-requestor.truststore.path}" password="${secure::supplier.http-requestor.truststore.password}" type="${supplier.http-requestor.truststore.type}" />
				<tls:key-store type="jks" path="${supplier.http-requestor.keystore.path}" alias="${supplier.http-requestor.keystore.alias}" keyPassword="${secure::supplier.http-requestor.keystore.password}" password="${secure::supplier.http-requestor.keystore.password}" />
			</tls:context>
		</http:request-connection>
	</http:request-config>
	<sub-flow name="supplier-gateway-api-impl-subflow" doc:id="5e746eb3-286e-4114-a5c7-4a2534ba2f63" >
		<ee:transform doc:name="set-flow-name" doc:id="edc73f12-c246-489d-81e8-c2f40d0dd76a" >
			<ee:message >
			</ee:message>
			<ee:variables >
				<ee:set-variable variableName="flowName" ><![CDATA["supplier-gateway-api-impl-subflow"]]></ee:set-variable>
			</ee:variables>
		</ee:transform>
		<module-logger:log doc:name="Log-info-before-retrieve-jwt-bearer-token" doc:id="df676e5e-88c0-4788-bf42-fe49c9aba8bc" config-ref="M_logger_Config" flowName="#[vars.flowName]" sourceName="#[vars.loggerAttributes.sourceName]" Status="Success" integrationName="#[vars.loggerAttributes.integrationName]" targetName="#[vars.loggerAttributes.targetName]" executionPoint="FLOW" correlationId="#[vars.correlationId]" integrationId="#[vars.loggerAttributes.integrationId]" requestId="#[vars.loggerAttributes.requestId]" message="Retrieving jwt token from object store" />
		<until-successful maxRetries="${os.retry}" doc:name="Until Successful" doc:id="7907f75d-011b-4995-8e38-bc0e6af6054d" millisBetweenRetries="${os.retry.frquency.in.ms}">
			<os:retrieve doc:name="Retrieve" doc:id="5f74efec-63a5-45f5-9b46-e1003165da7b" key="bearerToken" target="token" objectStore="Object_store_main_api">
			<os:default-value><![CDATA[#[""]]]></os:default-value>
		</os:retrieve>
		</until-successful>
		<module-logger:log doc:name="Log-debug-retrieve-jwt-bearer-token" doc:id="6431cd94-e2ef-4b97-a5f0-be95939bb841" config-ref="M_logger_Config" flowName="#[vars.flowName]" sourceName="#[vars.loggerAttributes.sourceName]" Status="Success" integrationName="#[vars.loggerAttributes.integrationName]" targetName="#[vars.loggerAttributes.targetName]" executionPoint="AFTER_REQUEST" resourceName="#[vars.resourceName]" correlationId="#[vars.correlationId]" integrationId="#[vars.loggerAttributes.integrationId]" requestId="#[vars.loggerAttributes.requestId]" message="Retrieved jwt token - DEBUG" payload="#[vars.token]" level="DEBUG" />
		<module-logger:log doc:name="Log-info-retrieve-jwt-bearer-token" doc:id="1ed976b0-8c15-4eb4-a1c6-731330182fc1" config-ref="M_logger_Config" flowName="#[vars.flowName]" sourceName="#[vars.loggerAttributes.sourceName]" Status="Success" integrationName="#[vars.loggerAttributes.integrationName]" targetName="#[vars.loggerAttributes.targetName]" executionPoint="FLOW" correlationId="#[vars.correlationId]" integrationId="#[vars.loggerAttributes.integrationId]" requestId="#[vars.loggerAttributes.requestId]" message="Successfully retrieved jwt token from object store"/>
		<ee:transform doc:name="supplier-request" doc:id="8e32b806-2dbd-4203-93d3-bb19d63301bd">
					<ee:message>
					</ee:message>
			<ee:variables >
				<ee:set-variable variableName="supplierRequest" ><![CDATA[%dw 2.0
output application/json
---
{
		"orderID": payload.orderID,
		"subOrderID": payload.subOrderID,
		"transactionDateTime": now(),
		"supplierProductId":  payload.supplierProductId,
		"priceIncludingVat": payload.priceIncludingVat,
		"priceIncludingVatCurrency": payload.priceIncludingVatCurrency,
		"paymentToken": payload.autoRenewal.paymentToken,
		"cardLastFourDigits": payload.autoRenewal.cardLastFourDigits,
		"cardType": payload.autoRenewal.cardType
}
]]></ee:set-variable>
			</ee:variables>
				</ee:transform>
		<choice doc:name="Choice" doc:id="37caf9d1-2995-4f2e-83cb-8784821c80f9" >
			<when expression="#[(Mule::p('supplierNames') splitBy &quot;,&quot;) contains vars.originalPayload.supplierName]">
				<ee:transform doc:name="form-req-to-supplier-sys" doc:id="d7d0737b-d065-4c0d-bf00-7b0700641ec9">
					<ee:message />
					<ee:variables>
						<ee:set-variable variableName="supplierRequestPath" ><![CDATA[%dw 2.0
output application/json
---
if((vars.originalPayload.supplierName == Mule::p('firstSupplierName')))
    (Mule::p('supplier.http-requestor.path'))[vars.originalPayload.supplierName]
else if((vars.originalPayload.supplierName == Mule::p('secondSupplierName')))
    (Mule::p('supplier.http-requestor.path'))[vars.originalPayload.supplierName]
else if((vars.originalPayload.supplierName == Mule::p('thirdSupplierName')))
    (Mule::p('supplier.http-requestor.path'))[vars.originalPayload.supplierName]
else ""]]></ee:set-variable>
						<ee:set-variable variableName="supplierRequestHost" ><![CDATA[%dw 2.0
output application/json
---
if((vars.originalPayload.supplierName == Mule::p('firstSupplierName')))
    (Mule::p('supplier.http-requestor.host'))[vars.originalPayload.supplierName]
else if((vars.originalPayload.supplierName == Mule::p('secondSupplierName')))
    (Mule::p('supplier.http-requestor.host'))[vars.originalPayload.supplierName]
else if((vars.originalPayload.supplierName == Mule::p('thirdSupplierName')))
    (Mule::p('supplier.http-requestor.host'))[vars.originalPayload.supplierName]
else ""]]></ee:set-variable>
						<ee:set-variable variableName="supplierRequestPort" ><![CDATA[%dw 2.0
output application/json
---
if((vars.originalPayload.supplierName == Mule::p('firstSupplierName')))
    (Mule::p('supplier.http-requestor.port'))[vars.originalPayload.supplierName]
else if((vars.originalPayload.supplierName == Mule::p('secondSupplierName')))
    (Mule::p('supplier.http-requestor.port'))[vars.originalPayload.supplierName]
else if((vars.originalPayload.supplierName == Mule::p('thirdSupplierName')))
    (Mule::p('supplier.http-requestor.port'))[vars.originalPayload.supplierName]
else ""]]></ee:set-variable>
					</ee:variables>
				</ee:transform>
				<module-logger:log doc:name="Log-info-before-supplier-sys call" doc:id="175cb200-bf9b-4e56-b901-619ddd19427b" config-ref="M_logger_Config" flowName="#[vars.flowName]" sourceName="#[vars.loggerAttributes.sourceName]" Status="Succes" integrationName="#[vars.loggerAttributes.integrationName]" targetName="#[vars.loggerAttributes.targetName]" executionPoint="FLOW" correlationId="#[vars.correlationId]" integrationId="#[vars.loggerAttributes.integrationId]" requestId="#[vars.loggerAttributes.requestId]" message="sending request to supplier-sys" />
				<module-logger:log doc:name="Log-debug-before-supplier-sys call" doc:id="b8eee2b6-0e3b-4f1a-9049-6ff53f7af44d" config-ref="M_logger_Config" flowName="#[vars.flowName]" sourceName="#[vars.loggerAttributes.sourceName]" Status="Succes" integrationName="#[vars.loggerAttributes.integrationName]" targetName="#[vars.loggerAttributes.targetName]" level="DEBUG" executionPoint="BEFORE_REQUEST" correlationId="#[vars.correlationId]" integrationId="#[vars.loggerAttributes.integrationId]" requestId="#[vars.loggerAttributes.requestId]" message="sending request to supplier-sys logging payload-DEBUG" payload="#[payload]" />
				<try doc:name="Try" doc:id="7f21a15b-5ba8-4864-ad36-3018bff50c4f" >
					<http:request method="POST" doc:name="Req-supplier-sys" doc:id="9c91b10c-6c91-48e7-8eac-8baf6ad8f3ab" config-ref="HTTP_Request_Supplier_System" path="#[vars.supplierRequestPath]" >
						<http:body ><![CDATA[#[vars.supplierRequest]]]></http:body>
						<http:headers ><![CDATA[#[output application/java
---
{
	"Content-Type": "application/vnd.suppliergateway.v1.10+json;charset=UTF-8",
"Authorization" : "bearer " ++ vars.token as String,
"Accept": "application/vnd.suppliergateway.v1.10+json;charset=UTF-8",
"x-correlation-id":attributes.Headers.'x-correlation-id'
}]]]></http:headers>
					</http:request>
					<error-handler >
						<on-error-continue enableNotifications="true" logException="true" doc:name="On Error Continue" doc:id="d7913faa-68f2-4895-bb5c-c39eeb533b91" type="HTTP:UNAUTHORIZED" >
							<flow-ref doc:name="generate-jwt-token" doc:id="4f286ed4-48db-40b6-8e57-487e261eba50" name="generate-bearer-token" />
							<http:request method="POST" doc:name="Req-supplier-sys" doc:id="87b8bf5b-553e-4b3e-b3fa-35d3ecdf88ad" config-ref="HTTP_Request_Supplier_System" path="#[vars.supplierRequestPath]" >
								<http:body ><![CDATA[#[vars.supplierRequest]]]></http:body>
								<http:headers ><![CDATA[#[output application/java
---
{
	"Content-Type": "application/vnd.suppliergateway.v1.10+json;charset=UTF-8",
"Authorization" : "bearer " ++ vars.token.authentication_token as String,
"Accept": "application/vnd.suppliergateway.v1.10+json;charset=UTF-8",
"x-correlation-id":attributes.Headers.'x-correlation-id'
}]]]></http:headers>
							</http:request>
						</on-error-continue>
					</error-handler>
				</try>
				<module-logger:log doc:name="Log-info-after-supplier-sys call" doc:id="cd49c04f-0d4e-43cf-a966-5533dbdd482d" config-ref="M_logger_Config" flowName="#[vars.flowName]" sourceName="#[vars.loggerAttributes.sourceName]" Status="Succes" integrationName="#[vars.loggerAttributes.integrationName]" targetName="#[vars.loggerAttributes.targetName]" executionPoint="AFTER_REQUEST" correlationId="#[vars.correlationId]" integrationId="#[vars.loggerAttributes.integrationId]" requestId="#[vars.loggerAttributes.requestId]" message="response received from supplier-sys" />
				<module-logger:log doc:name="Log-debug-after-supplier-sys call" doc:id="661b9dfd-fa2f-4fb7-b26d-6e2d3837233f" config-ref="M_logger_Config" flowName="#[vars.flowName]" sourceName="#[vars.loggerAttributes.sourceName]" Status="Succes" integrationName="#[vars.loggerAttributes.integrationName]" targetName="#[vars.loggerAttributes.targetName]" level="DEBUG" executionPoint="AFTER_REQUEST" correlationId="#[vars.correlationId]" integrationId="#[vars.loggerAttributes.integrationId]" requestId="#[vars.loggerAttributes.requestId]" message="response received from supplier-sys logging payload-DEBUG" payload="#[payload]" />
				
			
</when>
			<otherwise >
				<module-logger:log doc:name="Validation-error-logger" doc:id="2726522b-b6af-4d5c-b741-3426c07b2931" config-ref="M_logger_Config" flowName="#[vars.flowName]" sourceName="#[vars.loggerAttributes.sourceName]" Status="Success" integrationName="#[vars.loggerAttributes.integrationName]" targetName="#[vars.loggerAttributes.targetName]" executionPoint="FLOW" resourceName="#[vars.resourceName]" correlationId="#[vars.correlationId]" integrationId="#[vars.loggerAttributes.integrationId]" requestId="#[vars.loggerAttributes.requestId]" message="logger when error while validating the suppliername" payload='#["Error while validating the suppliername, check input request for more details"]' />
			</otherwise>
		</choice>
		<choice doc:name="Choice" doc:id="531c609d-5576-43b9-a740-9d00da062541" >
			<when expression="#[attributes.statusCode == 200]">
				<ee:transform doc:name="success-response" doc:id="5639d3e8-2880-41b8-8c5d-00f51d7b0db0">
					<ee:message>
						<ee:set-payload><![CDATA[{
		"orderID": vars.originalPayload.orderID,
		"subOrderID": vars.originalPayload.subOrderID,
		"supplierOrderID": payload.supplierOrderID,
		"code": payload.code,
		"pin": payload.pin,   
		"additionalReference": payload.additionalReference,
		"codeExpiryDateTime": payload.codeExpiryDateTime,
		"subscriptionID": payload.subscriptionID 
}]]></ee:set-payload>
					</ee:message>
				</ee:transform>
			</when>
			<otherwise >
				<ee:transform doc:name="error-response" doc:id="21ec2d33-ad98-47a0-b3b5-e7f2d813b920" >
					<ee:message >
						<ee:set-payload ><![CDATA[{
		"orderID": vars.originalPayload.orderID,
		"subOrderID": vars.originalPayload.subOrderID,
		"supplierOrderID": payload.supplierOrderID,
		"errorCode": "ERROR501", 
		"errorDescription": "Provider cannot generate product code"
}
]]></ee:set-payload>
					</ee:message>
				</ee:transform>
			</otherwise>
		</choice>
	</sub-flow>
	
	<sub-flow name="generate-bearer-token" doc:id="eb0af09f-7b02-484b-8c2a-fe356c2e3dc9" >
		<ee:transform doc:name="set-flow-name" doc:id="1c015655-1072-472e-a76e-9297e37481fa">
			<ee:message />
			<ee:variables>
				<ee:set-variable variableName="flowName"><![CDATA['generate-bearer-token']]></ee:set-variable>
			</ee:variables>
		</ee:transform>
		<module-logger:log doc:name="Log_info-before-jwt-bearer-token" doc:id="b200c418-0247-4464-89ca-3ce44c76e208" flowName="#[vars.flowName]" sourceName="#[vars.loggerAttributes.sourceName]" Status="Succes" integrationName="#[vars.loggerAttributes.integrationName]" integrationId="#[vars.loggerAttributes.integrationId]" requestId="#[vars.loggerAttributes.requestId]" targetName="#[vars.loggerAttributes.targetName]" config-ref="M_logger_Config" correlationId="#[vars.correlationId]" message="sending request to outbound-jwt-bearer-token-api" executionPoint="FLOW" sendingLogtoMQ="true"/>
		<ee:transform doc:name="processing payload attributes" doc:id="98556836-b61f-42dc-809f-9373acc50be3">
			<ee:message>
			</ee:message>
			<ee:variables>
				<ee:set-variable variableName="credentials" ><![CDATA["client_id=" ++ p('supplier.http-requester.client-id') ++ "+client_secret=" ++ p('secure::supplier.http-requester.client-secret')]]></ee:set-variable>
			</ee:variables>
		</ee:transform>
		<ee:transform doc:name="set hash value" doc:id="76f2e47e-0cb1-47df-8664-084b6b3e8875" >
			<ee:message >
			</ee:message>
			<ee:variables >
				<ee:set-variable variableName="authentication_hash" ><![CDATA[%dw 2.0
import dw::core::Binaries
import dw::Crypto
output application/json
---
lower(Binaries::toHex(Crypto::hashWith(vars.credentials as Binary, "SHA-256")))]]></ee:set-variable>
			</ee:variables>
		</ee:transform>
		<set-payload value="#[%dw 2.0&#10;output application/json&#10;---&#10;{&#10;&quot;client_id&quot;:p('secure::supplier.http-requester.client-id'),&#10;&quot;authentication_hash&quot;:vars.authentication_hash&#10;}]" doc:name="payload to generate token" doc:id="07ef90b8-71f2-4ee2-90f7-759e44b402c3" />
		<module-logger:log doc:name="Log-debug-before-jwt-bearer-token" doc:id="f528e21e-b06c-4c8a-a2b3-954545d2c24d" flowName="#[vars.flowName]" sourceName="#[vars.loggerAttributes.sourceName]" Status="Succes" integrationName="#[vars.loggerAttributes.integrationName]" integrationId="#[vars.loggerAttributes.integrationId]" requestId="#[vars.loggerAttributes.requestId]" targetName="#[vars.loggerAttributes.targetName]" config-ref="M_logger_Config" correlationId="#[vars.correlationId]" level="DEBUG" executionPoint="BEFORE_REQUEST" message="request sent to outbound-jwt-bearer-token-api logging payload-DEBUG" payload="#[payload]" />
		<http:request method="${supplier.http-requester.jwt.method}" doc:name="request-jwt" doc:id="79869435-4609-4e09-8cd1-d7a145b65b7a" config-ref="supplier-jwt_configuration" path="${supplier.http-requester.jwt.path}" target="token">
		</http:request>
		<!-- <ee:transform doc:name="Transform Message" doc:id="7d76bb4a-bc07-40bd-b5ab-1228ec7d15b8" >
			<ee:message >
				<ee:set-payload ><![CDATA[%dw 2.0
output application/json
-&#45;&#45;
{
	"access_token" : "12345"
}]]></ee:set-payload>
			</ee:message>
		</ee:transform> -->
		<until-successful maxRetries="${os.retry}" doc:name="Until Successful" doc:id="f4fe57ec-7cc9-4d02-aa4d-40f6eaa09721" millisBetweenRetries="${os.retry.frquency.in.ms}">
			<os:store doc:name="Storing jwt token in os" doc:id="fb10a0c3-1c80-4676-8fab-88d84bb242d3" key="bearerToken" objectStore="Object_store_main_api">
				<os:value ><![CDATA[#[vars.token.authentication_token]]]></os:value>
			</os:store>
		
</until-successful>
		<module-logger:log doc:name="Log-info-after-jwt-bearer-token" doc:id="7c4a7bf5-2daa-48bd-adc0-90a0439b35d8" flowName="#[vars.flowName]" sourceName="#[vars.loggerAttributes.sourceName]" Status="Succes" integrationName="#[vars.loggerAttributes.integrationName]" integrationId="#[vars.loggerAttributes.integrationId]" requestId="#[vars.loggerAttributes.requestId]" targetName="#[vars.loggerAttributes.targetName]" config-ref="M_logger_Config" correlationId="#[vars.correlationId]" message="response received from outbound-jwt-bearer-token-api" executionPoint="AFTER_REQUEST" sendingLogtoMQ="true"/>
	</sub-flow>
</mule>
