<?xml version="1.0" encoding="UTF-8"?>
<mule xmlns:module-logger="http://www.mulesoft.org/schema/mule/module-logger" xmlns:doc="http://www.mulesoft.org/schema/mule/documentation" xmlns="http://www.mulesoft.org/schema/mule/core" xmlns:apikit="http://www.mulesoft.org/schema/mule/mule-apikit" xmlns:ee="http://www.mulesoft.org/schema/mule/ee/core" xmlns:http="http://www.mulesoft.org/schema/mule/http" xmlns:xsi="http://www.w3.org/2001/XMLSchema-instance" xsi:schemaLocation="http://www.mulesoft.org/schema/mule/core http://www.mulesoft.org/schema/mule/core/current/mule.xsd http://www.mulesoft.org/schema/mule/http http://www.mulesoft.org/schema/mule/http/current/mule-http.xsd http://www.mulesoft.org/schema/mule/mule-apikit http://www.mulesoft.org/schema/mule/mule-apikit/current/mule-apikit.xsd http://www.mulesoft.org/schema/mule/ee/core http://www.mulesoft.org/schema/mule/ee/core/current/mule-ee.xsd 
http://www.mulesoft.org/schema/mule/module-logger http://www.mulesoft.org/schema/mule/module-logger/current/mule-module-logger.xsd">
    <http:listener-config name="sapi-ecommerce-order-suppliergateway-httpListenerConfig">
        <http:listener-connection host="0.0.0.0" port="8081" />
    </http:listener-config>
    <apikit:config name="sapi-ecommerce-order-suppliergateway-config" api="sapi-ecommerce-order-suppliergateway.raml" outboundHeadersMapName="outboundHeaders" httpStatusVarName="httpStatus" />
    <flow name="sapi-ecommerce-order-supplier-gateway-main">
        <http:listener config-ref="sapi-ecommerce-order-suppliergateway-httpListenerConfig" path="/api/*">
            <http:response statusCode="#[vars.httpStatus default 200]">
                <http:headers>#[vars.outboundHeaders default {}]</http:headers>
            </http:response>
            <http:error-response statusCode="#[vars.httpStatus default 500]">
                <http:body>#[payload]</http:body>
                <http:headers>#[vars.outboundHeaders default {}]</http:headers>
            </http:error-response>
        </http:listener>
        <ee:transform doc:name="initialize-common-logger-variables" doc:id="c4e3eb49-927c-409d-bca5-f3de7d4bf445">
			<ee:message />
			<ee:variables>
				<ee:set-variable resource="dwl/loggerAttributesVariable.dwl" variableName="loggerAttributes" />
				<ee:set-variable variableName="flowName"><![CDATA["sapi-ecommerce-order-supplier-gateway"]]></ee:set-variable>
				<ee:set-variable resource="dwl/correlationIdVariable.dwl" variableName="correlationId" />
				<ee:set-variable resource="dwl/resourceNameVariable.dwl" variableName="resourceName" />
			</ee:variables>
		</ee:transform>
		<module-logger:log doc:name="Log-call-entry" doc:id="8460d215-5690-4f28-b399-2c01459aa659" config-ref="M_logger_Config" flowName="#[vars.flowName]" sourceName="#[vars.loggerAttributes.sourceName]" Status="Success" integrationName="#[vars.loggerAttributes.integrationName]" targetName="#[vars.loggerAttributes.targetName]" correlationId="#[vars.correlationId]" integrationId="#[vars.loggerAttributes.integrationId]" requestId="#[vars.loggerAttributes.requestId]" message="Main flow started" sendingLogtoMQ="true" />
		<apikit:router config-ref="sapi-ecommerce-order-suppliergateway-config" />
		<module-logger:log doc:name="Log-call-exit" doc:id="cb11544d-21e2-4a15-9505-9085ac8854ca" config-ref="M_logger_Config" flowName="#[vars.flowName]" sourceName="#[vars.loggerAttributes.sourceName]" Status="Success" integrationName="#[vars.loggerAttributes.integrationName]" targetName="#[vars.loggerAttributes.targetName]" executionPoint="END" correlationId="#[vars.correlationId]" integrationId="#[vars.loggerAttributes.integrationId]" requestId="#[vars.loggerAttributes.requestId]" message="Main flow ended" sendingLogtoMQ="true" />
    </flow>
	<flow name="get:\api-status:sapi-ecommerce-order-supplier-gateway-config">
        <ee:transform doc:name="set-flow-name" doc:id="714ca27b-694e-4169-8a0d-2e4c17e57321" >
			<ee:message >
			</ee:message>
			<ee:variables >
				<ee:set-variable variableName="flowName" ><![CDATA["get:\api-status:sapi-ecommerce-order-supplier-gateway-config"]]></ee:set-variable>
			</ee:variables>
		</ee:transform>
		<module-logger:log doc:name="Log call-entry" doc:id="45f63118-08c9-470f-b605-689a6d3625f3" config-ref="M_logger_Config" flowName="#[vars.flowName]" sourceName="#[vars.loggerAttributes.sourceName]" Status="Succes" integrationName="#[vars.loggerAttributes.integrationName]" targetName="#[vars.loggerAttributes.targetName]" correlationId="#[vars.correlationId]" integrationId="#[vars.loggerAttributes.integrationId]" requestId="#[vars.loggerAttributes.requestId]" message="api-status flow started" />
		<ee:transform doc:name="set-api-status">
            <ee:message>
                <ee:set-payload><![CDATA[%dw 2.0
output application/json
---
{
  status: "OK",
  version: "v1",
  time: "2015-08-19T15:10:16Z"
}]]></ee:set-payload>
            </ee:message>
        </ee:transform>
		<module-logger:log doc:name="log-call-exit" doc:id="8241c4d5-b92f-4a27-9367-6540f19b7ef0" config-ref="M_logger_Config" flowName="#[vars.flowName]" sourceName="#[vars.loggerAttributes.sourceName]" Status="Succes" integrationName="#[vars.loggerAttributes.integrationName]" targetName="#[vars.loggerAttributes.targetName]" executionPoint="END" correlationId="#[vars.correlationId]" integrationId="#[vars.loggerAttributes.integrationId]" requestId="#[vars.loggerAttributes.requestId]" message="end logger of api-status" />
    </flow>
	<flow name="post:\orders:application\json:sapi-ecommerce-order-supplier-gateway-config" doc:id="f2836ba0-73f5-4b18-ad4b-f9b834e5cfec">
		<ee:transform doc:name="Transform Message" doc:id="04499977-b983-47b0-b282-c603c31606fb" >
			<ee:message >
			</ee:message>
			<ee:variables >
				<ee:set-variable variableName="originalPayload" ><![CDATA[%dw 2.0
output application/json
---
payload]]></ee:set-variable>
			</ee:variables>
		</ee:transform>
		<flow-ref doc:name="supplier-gateway-api-impl-subflow" doc:id="d46d2c8d-e1fa-4030-a91b-708899b52c20" name="supplier-gateway-api-impl-subflow"/>
    </flow>
</mule>
